variable,count,mean,std,min,25%,50%,75%,max,original
dummy1,1000.0,-8.456963641728004e-05,0.009688595362754297,-0.0329420330854502,-0.0067275390656574,-3.380793990668617e-05,0.006578445059233125,0.0315678727614231,-0.0068846151779097
dummy2,1000.0,4.006847415310342e-05,0.010077681924816513,-0.0297307979686965,-0.0069452481707421255,0.00019263766021289998,0.0067966207314981,0.0319879846046998,0.0128975805664598
x1,1000.0,-0.022642404729180613,3.0054826686540577,-8.052441139174787,-2.0759882108885828,-0.18785323456585376,1.8894180695125975,28.20552233465565,28.20552233465565
x2,1000.0,0.54248118059798,8.179614699402535,-22.90759267672925,-4.767866688893464,0.33259245001735405,6.129006510226812,75.05258555576216,75.05258555576216
x3,1000.0,0.06430714473993221,1.946925447100635,-5.186548155538791,-1.1930198837151107,0.04111646609775525,1.383000957265661,17.75651836217553,17.75651836217553
